{
  "importPerformance": {
    "zod": {
      "average": 0.14469376999999997,
      "min": 0.07725000000000293,
      "max": 3.960749999999999,
      "median": 0.09174999999999756
    },
    "Empty object": {
      "average": 0.0001283399999998025,
      "min": 0.00004099999999951365,
      "max": 0.007167000000002588,
      "median": 0.000042000000000541604
    },
    "Simple object creation": {
      "average": 0.00019874999999988318,
      "min": 0.00004099999999951365,
      "max": 0.009499999999999176,
      "median": 0.00008300000000005525
    }
  },
  "validationPerformance": {
    "simple": {
      "average": 0.00014470060000000126,
      "min": 0.00004099999999951365,
      "max": 0.2737079999999992,
      "median": 0.00008300000000005525,
      "opsPerSecond": 6910821.378764092
    },
    "email": {
      "average": 0.00012931179999999074,
      "min": 0.00004099999999951365,
      "max": 0.07066700000000026,
      "median": 0.00012500000000059686,
      "opsPerSecond": 7733246.308535429
    },
    "complex": {
      "average": 0.0009852580999999802,
      "min": 0.0005409999999983484,
      "max": 0.1843330000000023,
      "median": 0.0007090000000005148,
      "opsPerSecond": 1014962.4753148643
    },
    "businessLike": {
      "average": 0.0023844173000000133,
      "min": 0.0018749999999982947,
      "max": 0.22741600000000517,
      "median": 0.002082999999998947,
      "opsPerSecond": 419389.67646308994
    },
    "array100Items": {
      "average": 0.06786708000000004,
      "min": 0.055292000000008557,
      "max": 0.2075839999999971,
      "itemsPerMs": 1473.4684327069906
    }
  },
  "memoryUsage": {
    "zodImport": {
      "rss": 0,
      "heapTotal": 0,
      "heapUsed": 928,
      "external": 0
    },
    "schemaCreation": {
      "rss": 16384,
      "heapTotal": 0,
      "heapUsed": 2320160,
      "external": 0
    },
    "validations": {
      "rss": 10371072,
      "heapTotal": 10485760,
      "heapUsed": -272336,
      "external": 0
    }
  },
  "startupPerformance": {
    "coldStart": {
      "average": 0.14416699999999594,
      "all": [
        0.14416699999999594,
        0.14416699999999594,
        0.14416699999999594,
        0.14416699999999594,
        0.14416699999999594
      ]
    },
    "warmStart": {
      "average": 0.0012499999999988631,
      "all": [
        0.0012499999999988631,
        0.0012499999999988631,
        0.0012499999999988631,
        0.0012499999999988631,
        0.0012499999999988631
      ]
    },
    "improvement": 0.991329499816193
  }
}